ID Year,Year,ID Race,Race,Household Income by Race,Household Income by Race Moe,Geography,ID Geography
2019,"2019",0,"Total",55143,5847,"Census Tract 1, King County, WA","14000US53033000100"
2019,"2019",0,"Total",77463,11351,"Census Tract 2, King County, WA","14000US53033000200"
2019,"2019",0,"Total",100917,10408,"Census Tract 3, King County, WA","14000US53033000300"
2019,"2019",0,"Total",32877,5813,"Census Tract 4.01, King County, WA","14000US53033000401"
2019,"2019",0,"Total",72150,13709,"Census Tract 4.02, King County, WA","14000US53033000402"
2019,"2019",0,"Total",148906,17245,"Census Tract 5, King County, WA","14000US53033000500"
2019,"2019",0,"Total",77269,11592,"Census Tract 6, King County, WA","14000US53033000600"
2019,"2019",0,"Total",64310,11767,"Census Tract 7, King County, WA","14000US53033000700"
2019,"2019",0,"Total",102500,18804,"Census Tract 8, King County, WA","14000US53033000800"
2019,"2019",0,"Total",147750,17447,"Census Tract 9, King County, WA","14000US53033000900"
2019,"2019",0,"Total",110956,16093.000000000002,"Census Tract 10, King County, WA","14000US53033001000"
2019,"2019",0,"Total",95573,18523,"Census Tract 11, King County, WA","14000US53033001100"
2019,"2019",0,"Total",51807,5796,"Census Tract 12, King County, WA","14000US53033001200"
2019,"2019",0,"Total",72850,16332.999999999998,"Census Tract 13, King County, WA","14000US53033001300"
2019,"2019",0,"Total",93948,12930,"Census Tract 14, King County, WA","14000US53033001400"
2019,"2019",0,"Total",128059,13122,"Census Tract 15, King County, WA","14000US53033001500"
2019,"2019",0,"Total",143125,18783,"Census Tract 16, King County, WA","14000US53033001600"
2019,"2019",0,"Total",75162,4517,"Census Tract 17.01, King County, WA","14000US53033001701"
2019,"2019",0,"Total",93679,20360,"Census Tract 17.02, King County, WA","14000US53033001702"
2019,"2019",0,"Total",95993,11539,"Census Tract 18, King County, WA","14000US53033001800"
2019,"2019",0,"Total",89448,13472,"Census Tract 19, King County, WA","14000US53033001900"
2019,"2019",0,"Total",121184,15235.999999999998,"Census Tract 20, King County, WA","14000US53033002000"
2019,"2019",0,"Total",113750,18437,"Census Tract 21, King County, WA","14000US53033002100"
2019,"2019",0,"Total",134554,21235,"Census Tract 22, King County, WA","14000US53033002200"
2019,"2019",0,"Total",126944,16260,"Census Tract 24, King County, WA","14000US53033002400"
2019,"2019",0,"Total",121635,21542,"Census Tract 25, King County, WA","14000US53033002500"
2019,"2019",0,"Total",114219,15255.000000000002,"Census Tract 26, King County, WA","14000US53033002600"
2019,"2019",0,"Total",145500,26727,"Census Tract 27, King County, WA","14000US53033002700"
2019,"2019",0,"Total",137127,8427,"Census Tract 28, King County, WA","14000US53033002800"
2019,"2019",0,"Total",112969,17345,"Census Tract 29, King County, WA","14000US53033002900"
2019,"2019",0,"Total",105581,6834,"Census Tract 30, King County, WA","14000US53033003000"
2019,"2019",0,"Total",127787,9935,"Census Tract 31, King County, WA","14000US53033003100"
2019,"2019",0,"Total",95182,9776,"Census Tract 32, King County, WA","14000US53033003200"
2019,"2019",0,"Total",127665,19600,"Census Tract 33, King County, WA","14000US53033003300"
2019,"2019",0,"Total",112650,16591,"Census Tract 34, King County, WA","14000US53033003400"
2019,"2019",0,"Total",105625,13190,"Census Tract 35, King County, WA","14000US53033003500"
2019,"2019",0,"Total",83739,8672,"Census Tract 36, King County, WA","14000US53033003600"
2019,"2019",0,"Total",124286,24442,"Census Tract 38, King County, WA","14000US53033003800"
2019,"2019",0,"Total",111806,37327,"Census Tract 39, King County, WA","14000US53033003900"
2019,"2019",0,"Total",85707,15075,"Census Tract 40, King County, WA","14000US53033004000"
2019,"2019",0,"Total",178935,7806,"Census Tract 41, King County, WA","14000US53033004100"
2019,"2019",0,"Total",128966,16071,"Census Tract 42, King County, WA","14000US53033004200"
2019,"2019",0,"Total",95764,26358,"Census Tract 43.01, King County, WA","14000US53033004301"
2019,"2019",0,"Total",34461,6562,"Census Tract 43.02, King County, WA","14000US53033004302"
2019,"2019",0,"Total",64026,17658,"Census Tract 44, King County, WA","14000US53033004400"
2019,"2019",0,"Total",113669,14016,"Census Tract 45, King County, WA","14000US53033004500"
2019,"2019",0,"Total",136528,18712,"Census Tract 46, King County, WA","14000US53033004600"
2019,"2019",0,"Total",96745,7288.999999999999,"Census Tract 47, King County, WA","14000US53033004700"
2019,"2019",0,"Total",121492,10703,"Census Tract 48, King County, WA","14000US53033004800"
2019,"2019",0,"Total",101203,15043,"Census Tract 49, King County, WA","14000US53033004900"
2019,"2019",0,"Total",98698,18821,"Census Tract 50, King County, WA","14000US53033005000"
2019,"2019",0,"Total",119625,24535,"Census Tract 51, King County, WA","14000US53033005100"
2019,"2019",0,"Total",47883,9638,"Census Tract 52, King County, WA","14000US53033005200"
2019,"2019",0,"Total",26413,11444,"Census Tract 53.01, King County, WA","14000US53033005301"
2019,"2019",0,"Total",17188,15454,"Census Tract 53.02, King County, WA","14000US53033005302"
2019,"2019",0,"Total",110956,21148,"Census Tract 54, King County, WA","14000US53033005400"
2019,"2019",0,"Total",167622,25275,"Census Tract 56, King County, WA","14000US53033005600"
2019,"2019",0,"Total",118750,16418,"Census Tract 57, King County, WA","14000US53033005700"
2019,"2019",0,"Total",98281,9907,"Census Tract 58.01, King County, WA","14000US53033005801"
2019,"2019",0,"Total",77424,17674,"Census Tract 58.02, King County, WA","14000US53033005802"
2019,"2019",0,"Total",115129,19260,"Census Tract 59, King County, WA","14000US53033005900"
2019,"2019",0,"Total",114907,19932,"Census Tract 60, King County, WA","14000US53033006000"
2019,"2019",0,"Total",115586,11500,"Census Tract 61, King County, WA","14000US53033006100"
2019,"2019",0,"Total",208636,26473,"Census Tract 62, King County, WA","14000US53033006200"
2019,"2019",0,"Total",129609,21238,"Census Tract 63, King County, WA","14000US53033006300"
2019,"2019",0,"Total",166125,18242,"Census Tract 64, King County, WA","14000US53033006400"
2019,"2019",0,"Total",101847,9250,"Census Tract 65, King County, WA","14000US53033006500"
2019,"2019",0,"Total",114561,13425,"Census Tract 66, King County, WA","14000US53033006600"
2019,"2019",0,"Total",118590,17721,"Census Tract 67, King County, WA","14000US53033006700"
2019,"2019",0,"Total",128664,22814,"Census Tract 68, King County, WA","14000US53033006800"
2019,"2019",0,"Total",130524,25748,"Census Tract 69, King County, WA","14000US53033006900"
2019,"2019",0,"Total",69375,16455,"Census Tract 70, King County, WA","14000US53033007000"
2019,"2019",0,"Total",86810,3661,"Census Tract 71, King County, WA","14000US53033007100"
2019,"2019",0,"Total",117908,14762.999999999998,"Census Tract 72, King County, WA","14000US53033007200"
2019,"2019",0,"Total",92656,23173,"Census Tract 73, King County, WA","14000US53033007300"
2019,"2019",0,"Total",78632,11449,"Census Tract 74.01, King County, WA","14000US53033007401"
2019,"2019",0,"Total",53312,6481,"Census Tract 74.02, King County, WA","14000US53033007402"
2019,"2019",0,"Total",67860,8888,"Census Tract 75, King County, WA","14000US53033007500"
2019,"2019",0,"Total",88525,18095,"Census Tract 76, King County, WA","14000US53033007600"
2019,"2019",0,"Total",107736,19645,"Census Tract 77, King County, WA","14000US53033007700"
2019,"2019",0,"Total",190804,48941,"Census Tract 78, King County, WA","14000US53033007800"
2019,"2019",0,"Total",81834,12059,"Census Tract 79, King County, WA","14000US53033007900"
2019,"2019",0,"Total",127607,8274,"Census Tract 80.01, King County, WA","14000US53033008001"
2019,"2019",0,"Total",72155,27224,"Census Tract 80.02, King County, WA","14000US53033008002"
2019,"2019",0,"Total",82892,11629,"Census Tract 81, King County, WA","14000US53033008100"
2019,"2019",0,"Total",94039,8016,"Census Tract 82, King County, WA","14000US53033008200"
2019,"2019",0,"Total",68239,16601,"Census Tract 83, King County, WA","14000US53033008300"
2019,"2019",0,"Total",69409,9113,"Census Tract 84, King County, WA","14000US53033008400"
2019,"2019",0,"Total",62933,9963,"Census Tract 85, King County, WA","14000US53033008500"
2019,"2019",0,"Total",60349,9410,"Census Tract 86, King County, WA","14000US53033008600"
2019,"2019",0,"Total",96630,17581,"Census Tract 87, King County, WA","14000US53033008700"
2019,"2019",0,"Total",134107,15063,"Census Tract 88, King County, WA","14000US53033008800"
2019,"2019",0,"Total",110313,14929,"Census Tract 89, King County, WA","14000US53033008900"
2019,"2019",0,"Total",43406,12420,"Census Tract 90, King County, WA","14000US53033009000"
2019,"2019",0,"Total",40938,6758.000000000001,"Census Tract 91, King County, WA","14000US53033009100"
2019,"2019",0,"Total",20573,11328,"Census Tract 92, King County, WA","14000US53033009200"
2019,"2019",0,"Total",92347,21734,"Census Tract 93, King County, WA","14000US53033009300"
2019,"2019",0,"Total",73642,8274,"Census Tract 94, King County, WA","14000US53033009400"
2019,"2019",0,"Total",104028,33093,"Census Tract 95, King County, WA","14000US53033009500"
2019,"2019",0,"Total",132889,26934,"Census Tract 96, King County, WA","14000US53033009600"
2019,"2019",0,"Total",126623,12161,"Census Tract 97.01, King County, WA","14000US53033009701"
2019,"2019",0,"Total",127727,14256,"Census Tract 97.02, King County, WA","14000US53033009702"
2019,"2019",0,"Total",118429,13265,"Census Tract 98, King County, WA","14000US53033009800"
2019,"2019",0,"Total",90024,11264,"Census Tract 99, King County, WA","14000US53033009900"
2019,"2019",0,"Total",58310,10283,"Census Tract 100.01, King County, WA","14000US53033010001"
2019,"2019",0,"Total",73180,19693,"Census Tract 100.02, King County, WA","14000US53033010002"
2019,"2019",0,"Total",100890,22307,"Census Tract 101, King County, WA","14000US53033010100"
2019,"2019",0,"Total",114224,18070,"Census Tract 102, King County, WA","14000US53033010200"
2019,"2019",0,"Total",89500,19853,"Census Tract 103, King County, WA","14000US53033010300"
2019,"2019",0,"Total",85227,20504,"Census Tract 104.01, King County, WA","14000US53033010401"
2019,"2019",0,"Total",91429,7146,"Census Tract 104.02, King County, WA","14000US53033010402"
2019,"2019",0,"Total",97196,17419,"Census Tract 105, King County, WA","14000US53033010500"
2019,"2019",0,"Total",109058,20263,"Census Tract 106, King County, WA","14000US53033010600"
2019,"2019",0,"Total",72500,13193,"Census Tract 107.01, King County, WA","14000US53033010701"
2019,"2019",0,"Total",46792,5543,"Census Tract 107.02, King County, WA","14000US53033010702"
2019,"2019",0,"Total",92692,13509,"Census Tract 108, King County, WA","14000US53033010800"
2019,"2019",0,"Total",64034,14073,"Census Tract 109, King County, WA","14000US53033010900"
2019,"2019",0,"Total",37188,14151,"Census Tract 110.01, King County, WA","14000US53033011001"
2019,"2019",0,"Total",48250,13491.000000000002,"Census Tract 110.02, King County, WA","14000US53033011002"
2019,"2019",0,"Total",55170,7754,"Census Tract 111.01, King County, WA","14000US53033011101"
2019,"2019",0,"Total",97099,7479,"Census Tract 111.02, King County, WA","14000US53033011102"
2019,"2019",0,"Total",56402,6661,"Census Tract 113, King County, WA","14000US53033011300"
2019,"2019",0,"Total",78806,11079,"Census Tract 114.01, King County, WA","14000US53033011401"
2019,"2019",0,"Total",54151,7707.999999999999,"Census Tract 114.02, King County, WA","14000US53033011402"
2019,"2019",0,"Total",111528,9796,"Census Tract 115, King County, WA","14000US53033011500"
2019,"2019",0,"Total",118599,13388,"Census Tract 116, King County, WA","14000US53033011600"
2019,"2019",0,"Total",82869,6854,"Census Tract 117, King County, WA","14000US53033011700"
2019,"2019",0,"Total",62782,13262,"Census Tract 118, King County, WA","14000US53033011800"
2019,"2019",0,"Total",101028,14416,"Census Tract 119, King County, WA","14000US53033011900"
2019,"2019",0,"Total",110192,15101.999999999998,"Census Tract 120, King County, WA","14000US53033012000"
2019,"2019",0,"Total",127955,23944,"Census Tract 121, King County, WA","14000US53033012100"
2018,"2018",0,"Total",50948,6370,"Census Tract 1, King County, WA","14000US53033000100"
2018,"2018",0,"Total",69790,4434,"Census Tract 2, King County, WA","14000US53033000200"
2018,"2018",0,"Total",86696,22361,"Census Tract 3, King County, WA","14000US53033000300"
2018,"2018",0,"Total",32262,2972,"Census Tract 4.01, King County, WA","14000US53033000401"
2018,"2018",0,"Total",73792,11215,"Census Tract 4.02, King County, WA","14000US53033000402"
2018,"2018",0,"Total",146750,16035,"Census Tract 5, King County, WA","14000US53033000500"
2018,"2018",0,"Total",63705,11509,"Census Tract 6, King County, WA","14000US53033000600"
2018,"2018",0,"Total",59807,5762,"Census Tract 7, King County, WA","14000US53033000700"
2018,"2018",0,"Total",105286,14924,"Census Tract 8, King County, WA","14000US53033000800"
2018,"2018",0,"Total",138224,20930,"Census Tract 9, King County, WA","14000US53033000900"
2018,"2018",0,"Total",83295,21176,"Census Tract 10, King County, WA","14000US53033001000"
2018,"2018",0,"Total",81250,11600,"Census Tract 11, King County, WA","14000US53033001100"
2018,"2018",0,"Total",45925,9711,"Census Tract 12, King County, WA","14000US53033001200"
2018,"2018",0,"Total",70250,8334,"Census Tract 13, King County, WA","14000US53033001300"
2018,"2018",0,"Total",92059,24730,"Census Tract 14, King County, WA","14000US53033001400"
2018,"2018",0,"Total",110139,25840,"Census Tract 15, King County, WA","14000US53033001500"
2018,"2018",0,"Total",126096,12630,"Census Tract 16, King County, WA","14000US53033001600"
2018,"2018",0,"Total",69596,5453,"Census Tract 17.01, King County, WA","14000US53033001701"
2018,"2018",0,"Total",79375,13120,"Census Tract 17.02, King County, WA","14000US53033001702"
2018,"2018",0,"Total",102917,20932,"Census Tract 18, King County, WA","14000US53033001800"
2018,"2018",0,"Total",84395,4980,"Census Tract 19, King County, WA","14000US53033001900"
2018,"2018",0,"Total",99726,6979.999999999999,"Census Tract 20, King County, WA","14000US53033002000"
2018,"2018",0,"Total",106458,19460,"Census Tract 21, King County, WA","14000US53033002100"
2018,"2018",0,"Total",135088,26706,"Census Tract 22, King County, WA","14000US53033002200"
2018,"2018",0,"Total",118750,18184,"Census Tract 24, King County, WA","14000US53033002400"
2018,"2018",0,"Total",113472,18106,"Census Tract 25, King County, WA","14000US53033002500"
2018,"2018",0,"Total",115000,9370,"Census Tract 26, King County, WA","14000US53033002600"
2018,"2018",0,"Total",128292,22563,"Census Tract 27, King County, WA","14000US53033002700"
2018,"2018",0,"Total",124107,13689,"Census Tract 28, King County, WA","14000US53033002800"
2018,"2018",0,"Total",110202,20163,"Census Tract 29, King County, WA","14000US53033002900"
2018,"2018",0,"Total",103470,13449,"Census Tract 30, King County, WA","14000US53033003000"
2018,"2018",0,"Total",123698,9701,"Census Tract 31, King County, WA","14000US53033003100"
2018,"2018",0,"Total",89375,17537,"Census Tract 32, King County, WA","14000US53033003200"
2018,"2018",0,"Total",113188,15270.999999999998,"Census Tract 33, King County, WA","14000US53033003300"
2018,"2018",0,"Total",106172,12028,"Census Tract 34, King County, WA","14000US53033003400"
2018,"2018",0,"Total",91806,18717,"Census Tract 35, King County, WA","14000US53033003500"
2018,"2018",0,"Total",82268,8173.999999999999,"Census Tract 36, King County, WA","14000US53033003600"
2018,"2018",0,"Total",124792,15265.999999999998,"Census Tract 38, King County, WA","14000US53033003800"
2018,"2018",0,"Total",103333,31705,"Census Tract 39, King County, WA","14000US53033003900"
2018,"2018",0,"Total",80208,17951,"Census Tract 40, King County, WA","14000US53033004000"
2018,"2018",0,"Total",175735,7784.999999999999,"Census Tract 41, King County, WA","14000US53033004100"
2018,"2018",0,"Total",127373,13558,"Census Tract 42, King County, WA","14000US53033004200"
2018,"2018",0,"Total",95463,21526,"Census Tract 43.01, King County, WA","14000US53033004301"
2018,"2018",0,"Total",30679,7575,"Census Tract 43.02, King County, WA","14000US53033004302"
2018,"2018",0,"Total",63344,21995,"Census Tract 44, King County, WA","14000US53033004400"
2018,"2018",0,"Total",105536,17665,"Census Tract 45, King County, WA","14000US53033004500"
2018,"2018",0,"Total",130909,15804.999999999998,"Census Tract 46, King County, WA","14000US53033004600"
2018,"2018",0,"Total",91288,9098,"Census Tract 47, King County, WA","14000US53033004700"
2018,"2018",0,"Total",116279,9779,"Census Tract 48, King County, WA","14000US53033004800"
2018,"2018",0,"Total",95917,8422,"Census Tract 49, King County, WA","14000US53033004900"
2018,"2018",0,"Total",87112,19813,"Census Tract 50, King County, WA","14000US53033005000"
2018,"2018",0,"Total",120318,27432.999999999996,"Census Tract 51, King County, WA","14000US53033005100"
2018,"2018",0,"Total",41089,9969,"Census Tract 52, King County, WA","14000US53033005200"
2018,"2018",0,"Total",20950,4244,"Census Tract 53.01, King County, WA","14000US53033005301"
2018,"2018",0,"Total",101270,19239,"Census Tract 54, King County, WA","14000US53033005400"
2018,"2018",0,"Total",170031,15767,"Census Tract 56, King County, WA","14000US53033005600"
2018,"2018",0,"Total",117449,19798,"Census Tract 57, King County, WA","14000US53033005700"
2018,"2018",0,"Total",84583,9285,"Census Tract 58.01, King County, WA","14000US53033005801"
2018,"2018",0,"Total",71715,8151.000000000001,"Census Tract 58.02, King County, WA","14000US53033005802"
2018,"2018",0,"Total",109567,9267,"Census Tract 59, King County, WA","14000US53033005900"
2018,"2018",0,"Total",113670,13029,"Census Tract 60, King County, WA","14000US53033006000"
2018,"2018",0,"Total",109055,14133,"Census Tract 61, King County, WA","14000US53033006100"
2018,"2018",0,"Total",179922,36943,"Census Tract 62, King County, WA","14000US53033006200"
2018,"2018",0,"Total",135956,26972.999999999996,"Census Tract 63, King County, WA","14000US53033006300"
2018,"2018",0,"Total",157670,23134,"Census Tract 64, King County, WA","14000US53033006400"
2018,"2018",0,"Total",103750,13838,"Census Tract 65, King County, WA","14000US53033006500"
2018,"2018",0,"Total",106995,15808,"Census Tract 66, King County, WA","14000US53033006600"
2018,"2018",0,"Total",112224,13770.000000000002,"Census Tract 67, King County, WA","14000US53033006700"
2018,"2018",0,"Total",116111,14260,"Census Tract 68, King County, WA","14000US53033006800"
2018,"2018",0,"Total",127702,24678,"Census Tract 69, King County, WA","14000US53033006900"
2018,"2018",0,"Total",74063,15789.999999999998,"Census Tract 70, King County, WA","14000US53033007000"
2018,"2018",0,"Total",84112,3317,"Census Tract 71, King County, WA","14000US53033007100"
2018,"2018",0,"Total",113125,15419,"Census Tract 72, King County, WA","14000US53033007200"
2018,"2018",0,"Total",100317,18282,"Census Tract 73, King County, WA","14000US53033007300"
2018,"2018",0,"Total",71453,15186.000000000002,"Census Tract 74.01, King County, WA","14000US53033007401"
2018,"2018",0,"Total",55181,9455,"Census Tract 74.02, King County, WA","14000US53033007402"
2018,"2018",0,"Total",68838,8435,"Census Tract 75, King County, WA","14000US53033007500"
2018,"2018",0,"Total",80152,15503,"Census Tract 76, King County, WA","14000US53033007600"
2018,"2018",0,"Total",113397,15409,"Census Tract 77, King County, WA","14000US53033007700"
2018,"2018",0,"Total",173438,50467,"Census Tract 78, King County, WA","14000US53033007800"
2018,"2018",0,"Total",78846,8259,"Census Tract 79, King County, WA","14000US53033007900"
2018,"2018",0,"Total",125196,18391,"Census Tract 80.01, King County, WA","14000US53033008001"
2018,"2018",0,"Total",60699,16107,"Census Tract 80.02, King County, WA","14000US53033008002"
2018,"2018",0,"Total",68884,24494,"Census Tract 81, King County, WA","14000US53033008100"
2018,"2018",0,"Total",81736,15299,"Census Tract 82, King County, WA","14000US53033008200"
2018,"2018",0,"Total",70000,11469,"Census Tract 83, King County, WA","14000US53033008300"
2018,"2018",0,"Total",60910,17124,"Census Tract 84, King County, WA","14000US53033008400"
2018,"2018",0,"Total",50250,8110,"Census Tract 85, King County, WA","14000US53033008500"
2018,"2018",0,"Total",51190,11674,"Census Tract 86, King County, WA","14000US53033008600"
2018,"2018",0,"Total",83090,18867,"Census Tract 87, King County, WA","14000US53033008700"
2018,"2018",0,"Total",120608,14777.999999999998,"Census Tract 88, King County, WA","14000US53033008800"
2018,"2018",0,"Total",99167,16750,"Census Tract 89, King County, WA","14000US53033008900"
2018,"2018",0,"Total",43438,13943,"Census Tract 90, King County, WA","14000US53033009000"
2018,"2018",0,"Total",34650,7210,"Census Tract 91, King County, WA","14000US53033009100"
2018,"2018",0,"Total",21387,7495.999999999999,"Census Tract 92, King County, WA","14000US53033009200"
2018,"2018",0,"Total",85750,14559,"Census Tract 93, King County, WA","14000US53033009300"
2018,"2018",0,"Total",65255,11669,"Census Tract 94, King County, WA","14000US53033009400"
2018,"2018",0,"Total",95075,25655,"Census Tract 95, King County, WA","14000US53033009500"
2018,"2018",0,"Total",102569,25625,"Census Tract 96, King County, WA","14000US53033009600"
2018,"2018",0,"Total",110368,20521,"Census Tract 97.01, King County, WA","14000US53033009701"
2018,"2018",0,"Total",120189,10153,"Census Tract 97.02, King County, WA","14000US53033009702"
2018,"2018",0,"Total",114212,15418,"Census Tract 98, King County, WA","14000US53033009800"
2018,"2018",0,"Total",81066,12569,"Census Tract 99, King County, WA","14000US53033009900"
2018,"2018",0,"Total",63891,9486,"Census Tract 100.01, King County, WA","14000US53033010001"
2018,"2018",0,"Total",74953,9879,"Census Tract 100.02, King County, WA","14000US53033010002"
2018,"2018",0,"Total",87188,22389,"Census Tract 101, King County, WA","14000US53033010100"
2018,"2018",0,"Total",111026,20090,"Census Tract 102, King County, WA","14000US53033010200"
2018,"2018",0,"Total",63493,15273,"Census Tract 103, King County, WA","14000US53033010300"
2018,"2018",0,"Total",78407,15510.999999999998,"Census Tract 104.01, King County, WA","14000US53033010401"
2018,"2018",0,"Total",81979,9701,"Census Tract 104.02, King County, WA","14000US53033010402"
2018,"2018",0,"Total",83245,6820.000000000001,"Census Tract 105, King County, WA","14000US53033010500"
2018,"2018",0,"Total",105896,9643,"Census Tract 106, King County, WA","14000US53033010600"
2018,"2018",0,"Total",67617,6054,"Census Tract 107.01, King County, WA","14000US53033010701"
2018,"2018",0,"Total",46731,8776,"Census Tract 107.02, King County, WA","14000US53033010702"
2018,"2018",0,"Total",92756,13142,"Census Tract 108, King County, WA","14000US53033010800"
2018,"2018",0,"Total",63536,14645,"Census Tract 109, King County, WA","14000US53033010900"
2018,"2018",0,"Total",32247,4612,"Census Tract 110.01, King County, WA","14000US53033011001"
2018,"2018",0,"Total",53300,10059,"Census Tract 110.02, King County, WA","14000US53033011002"
2018,"2018",0,"Total",53295,3716.9999999999995,"Census Tract 111.01, King County, WA","14000US53033011101"
2018,"2018",0,"Total",84491,16267.000000000002,"Census Tract 111.02, King County, WA","14000US53033011102"
2018,"2018",0,"Total",56629,9391,"Census Tract 113, King County, WA","14000US53033011300"
2018,"2018",0,"Total",68333,7388.999999999999,"Census Tract 114.01, King County, WA","14000US53033011401"
2018,"2018",0,"Total",50285,5018,"Census Tract 114.02, King County, WA","14000US53033011402"
2018,"2018",0,"Total",99706,21283,"Census Tract 115, King County, WA","14000US53033011500"
2018,"2018",0,"Total",107201,12735,"Census Tract 116, King County, WA","14000US53033011600"
2018,"2018",0,"Total",83786,5820,"Census Tract 117, King County, WA","14000US53033011700"
2018,"2018",0,"Total",58827,10195,"Census Tract 118, King County, WA","14000US53033011800"
2018,"2018",0,"Total",93862,13664,"Census Tract 119, King County, WA","14000US53033011900"
2018,"2018",0,"Total",104474,12894,"Census Tract 120, King County, WA","14000US53033012000"
2018,"2018",0,"Total",116836,10695,"Census Tract 121, King County, WA","14000US53033012100"
2017,"2017",0,"Total",50030,8291,"Census Tract 1, King County, WA","14000US53033000100"
2017,"2017",0,"Total",67397,5724,"Census Tract 2, King County, WA","14000US53033000200"
2017,"2017",0,"Total",73098,15848,"Census Tract 3, King County, WA","14000US53033000300"
2017,"2017",0,"Total",32568,2370,"Census Tract 4.01, King County, WA","14000US53033000401"
2017,"2017",0,"Total",64972,13814,"Census Tract 4.02, King County, WA","14000US53033000402"
2017,"2017",0,"Total",135524,15001.999999999998,"Census Tract 5, King County, WA","14000US53033000500"
2017,"2017",0,"Total",61536,10029,"Census Tract 6, King County, WA","14000US53033000600"
2017,"2017",0,"Total",52957,5666,"Census Tract 7, King County, WA","14000US53033000700"
2017,"2017",0,"Total",97344,18239,"Census Tract 8, King County, WA","14000US53033000800"
2017,"2017",0,"Total",135625,23332,"Census Tract 9, King County, WA","14000US53033000900"
2017,"2017",0,"Total",103750,23952,"Census Tract 10, King County, WA","14000US53033001000"
2017,"2017",0,"Total",78542,16551,"Census Tract 11, King County, WA","14000US53033001100"
2017,"2017",0,"Total",46358,9213,"Census Tract 12, King County, WA","14000US53033001200"
2017,"2017",0,"Total",70764,11468,"Census Tract 13, King County, WA","14000US53033001300"
2017,"2017",0,"Total",71144,14091,"Census Tract 14, King County, WA","14000US53033001400"
2017,"2017",0,"Total",96019,11687,"Census Tract 15, King County, WA","14000US53033001500"
2017,"2017",0,"Total",117250,19088,"Census Tract 16, King County, WA","14000US53033001600"
2017,"2017",0,"Total",69190,5903,"Census Tract 17.01, King County, WA","14000US53033001701"
2017,"2017",0,"Total",69177,6778.000000000001,"Census Tract 17.02, King County, WA","14000US53033001702"
2017,"2017",0,"Total",89260,21064,"Census Tract 18, King County, WA","14000US53033001800"
2017,"2017",0,"Total",75652,8334,"Census Tract 19, King County, WA","14000US53033001900"
2017,"2017",0,"Total",95469,11763,"Census Tract 20, King County, WA","14000US53033002000"
2017,"2017",0,"Total",95515,9875,"Census Tract 21, King County, WA","14000US53033002100"
2017,"2017",0,"Total",144318,37365,"Census Tract 22, King County, WA","14000US53033002200"
2017,"2017",0,"Total",109402,14224.000000000002,"Census Tract 24, King County, WA","14000US53033002400"
2017,"2017",0,"Total",107401,11571,"Census Tract 25, King County, WA","14000US53033002500"
2017,"2017",0,"Total",106193,9548,"Census Tract 26, King County, WA","14000US53033002600"
2017,"2017",0,"Total",121807,10655,"Census Tract 27, King County, WA","14000US53033002700"
2017,"2017",0,"Total",119875,11495,"Census Tract 28, King County, WA","14000US53033002800"
2017,"2017",0,"Total",104375,13911,"Census Tract 29, King County, WA","14000US53033002900"
2017,"2017",0,"Total",100500,17021,"Census Tract 30, King County, WA","14000US53033003000"
2017,"2017",0,"Total",104934,6849,"Census Tract 31, King County, WA","14000US53033003100"
2017,"2017",0,"Total",79141,13650.000000000002,"Census Tract 32, King County, WA","14000US53033003200"
2017,"2017",0,"Total",99547,11423,"Census Tract 33, King County, WA","14000US53033003300"
2017,"2017",0,"Total",102105,14582.000000000002,"Census Tract 34, King County, WA","14000US53033003400"
2017,"2017",0,"Total",90066,15413,"Census Tract 35, King County, WA","14000US53033003500"
2017,"2017",0,"Total",69408,17516,"Census Tract 36, King County, WA","14000US53033003600"
2017,"2017",0,"Total",99722,21252,"Census Tract 38, King County, WA","14000US53033003800"
2017,"2017",0,"Total",109659,27411.999999999996,"Census Tract 39, King County, WA","14000US53033003900"
2017,"2017",0,"Total",76250,6790.000000000001,"Census Tract 40, King County, WA","14000US53033004000"
2017,"2017",0,"Total",168415,16893,"Census Tract 41, King County, WA","14000US53033004100"
2017,"2017",0,"Total",129226,12149,"Census Tract 42, King County, WA","14000US53033004200"
2017,"2017",0,"Total",85357,21089,"Census Tract 43.01, King County, WA","14000US53033004301"
2017,"2017",0,"Total",26886,7290,"Census Tract 43.02, King County, WA","14000US53033004302"
2017,"2017",0,"Total",56725,11198,"Census Tract 44, King County, WA","14000US53033004400"
2017,"2017",0,"Total",108304,13516.999999999998,"Census Tract 45, King County, WA","14000US53033004500"
2017,"2017",0,"Total",125547,21321,"Census Tract 46, King County, WA","14000US53033004600"
2017,"2017",0,"Total",79162,5909,"Census Tract 47, King County, WA","14000US53033004700"
2017,"2017",0,"Total",112328,10897,"Census Tract 48, King County, WA","14000US53033004800"
2017,"2017",0,"Total",77075,5752,"Census Tract 49, King County, WA","14000US53033004900"
2017,"2017",0,"Total",79980,11671,"Census Tract 50, King County, WA","14000US53033005000"
2017,"2017",0,"Total",105580,20000,"Census Tract 51, King County, WA","14000US53033005100"
2017,"2017",0,"Total",41847,7674,"Census Tract 52, King County, WA","14000US53033005200"
2017,"2017",0,"Total",20401,6757,"Census Tract 53.01, King County, WA","14000US53033005301"
2017,"2017",0,"Total",10521,8636,"Census Tract 53.02, King County, WA","14000US53033005302"
2017,"2017",0,"Total",95703,11793,"Census Tract 54, King County, WA","14000US53033005400"
2017,"2017",0,"Total",167368,11813,"Census Tract 56, King County, WA","14000US53033005600"
2017,"2017",0,"Total",111974,10681,"Census Tract 57, King County, WA","14000US53033005700"
2017,"2017",0,"Total",75523,2834,"Census Tract 58.01, King County, WA","14000US53033005801"
2017,"2017",0,"Total",73836,7808,"Census Tract 58.02, King County, WA","14000US53033005802"
2017,"2017",0,"Total",103369,15239,"Census Tract 59, King County, WA","14000US53033005900"
2017,"2017",0,"Total",101680,15643,"Census Tract 60, King County, WA","14000US53033006000"
2017,"2017",0,"Total",104521,9563,"Census Tract 61, King County, WA","14000US53033006100"
2017,"2017",0,"Total",160625,27321.999999999996,"Census Tract 62, King County, WA","14000US53033006200"
2017,"2017",0,"Total",134811,22028,"Census Tract 63, King County, WA","14000US53033006300"
2017,"2017",0,"Total",162532,18565,"Census Tract 64, King County, WA","14000US53033006400"
2017,"2017",0,"Total",96220,13572,"Census Tract 65, King County, WA","14000US53033006500"
2017,"2017",0,"Total",88854,12811,"Census Tract 66, King County, WA","14000US53033006600"
2017,"2017",0,"Total",106143,9198,"Census Tract 67, King County, WA","14000US53033006700"
2017,"2017",0,"Total",117067,12380,"Census Tract 68, King County, WA","14000US53033006800"
2017,"2017",0,"Total",109792,17699,"Census Tract 69, King County, WA","14000US53033006900"
2017,"2017",0,"Total",73317,14147,"Census Tract 70, King County, WA","14000US53033007000"
2017,"2017",0,"Total",81454,3931.0000000000005,"Census Tract 71, King County, WA","14000US53033007100"
2017,"2017",0,"Total",98324,9208,"Census Tract 72, King County, WA","14000US53033007200"
2017,"2017",0,"Total",94326,12538,"Census Tract 73, King County, WA","14000US53033007300"
2017,"2017",0,"Total",65217,10536,"Census Tract 74.01, King County, WA","14000US53033007401"
2017,"2017",0,"Total",51225,9482,"Census Tract 74.02, King County, WA","14000US53033007402"
2017,"2017",0,"Total",65396,9793,"Census Tract 75, King County, WA","14000US53033007500"
2017,"2017",0,"Total",74688,14408.000000000002,"Census Tract 76, King County, WA","14000US53033007600"
2017,"2017",0,"Total",113198,7094,"Census Tract 77, King County, WA","14000US53033007700"
2017,"2017",0,"Total",155848,26975,"Census Tract 78, King County, WA","14000US53033007800"
2017,"2017",0,"Total",76652,11742,"Census Tract 79, King County, WA","14000US53033007900"
2017,"2017",0,"Total",98250,34258,"Census Tract 80.01, King County, WA","14000US53033008001"
2017,"2017",0,"Total",55136,9427,"Census Tract 80.02, King County, WA","14000US53033008002"
2017,"2017",0,"Total",79800,26732,"Census Tract 81, King County, WA","14000US53033008100"
2017,"2017",0,"Total",79167,16033.999999999998,"Census Tract 82, King County, WA","14000US53033008200"
2017,"2017",0,"Total",61058,14951.999999999998,"Census Tract 83, King County, WA","14000US53033008300"
2017,"2017",0,"Total",52066,7682.999999999999,"Census Tract 84, King County, WA","14000US53033008400"
2017,"2017",0,"Total",38713,9570,"Census Tract 85, King County, WA","14000US53033008500"
2017,"2017",0,"Total",50774,14067,"Census Tract 86, King County, WA","14000US53033008600"
2017,"2017",0,"Total",69583,23609,"Census Tract 87, King County, WA","14000US53033008700"
2017,"2017",0,"Total",95455,22548,"Census Tract 88, King County, WA","14000US53033008800"
2017,"2017",0,"Total",87250,10738,"Census Tract 89, King County, WA","14000US53033008900"
2017,"2017",0,"Total",47428,9762,"Census Tract 90, King County, WA","14000US53033009000"
2017,"2017",0,"Total",31250,4366,"Census Tract 91, King County, WA","14000US53033009100"
2017,"2017",0,"Total",21868,7231.999999999999,"Census Tract 92, King County, WA","14000US53033009200"
2017,"2017",0,"Total",74696,12155,"Census Tract 93, King County, WA","14000US53033009300"
2017,"2017",0,"Total",65633,9804,"Census Tract 94, King County, WA","14000US53033009400"
2017,"2017",0,"Total",100714,27690.999999999996,"Census Tract 95, King County, WA","14000US53033009500"
2017,"2017",0,"Total",92888,14901.000000000002,"Census Tract 96, King County, WA","14000US53033009600"
2017,"2017",0,"Total",106821,15392,"Census Tract 97.01, King County, WA","14000US53033009701"
2017,"2017",0,"Total",114741,12185,"Census Tract 97.02, King County, WA","14000US53033009702"
2017,"2017",0,"Total",105110,17449,"Census Tract 98, King County, WA","14000US53033009800"
2017,"2017",0,"Total",75000,11057,"Census Tract 99, King County, WA","14000US53033009900"
2017,"2017",0,"Total",67292,12739,"Census Tract 100.01, King County, WA","14000US53033010001"
2017,"2017",0,"Total",70048,6466,"Census Tract 100.02, King County, WA","14000US53033010002"
2017,"2017",0,"Total",64161,14038,"Census Tract 101, King County, WA","14000US53033010100"
2017,"2017",0,"Total",99483,16377.000000000002,"Census Tract 102, King County, WA","14000US53033010200"
2017,"2017",0,"Total",60444,6988,"Census Tract 103, King County, WA","14000US53033010300"
2017,"2017",0,"Total",58342,7848,"Census Tract 104.01, King County, WA","14000US53033010401"
2017,"2017",0,"Total",75972,10331,"Census Tract 104.02, King County, WA","14000US53033010402"
2017,"2017",0,"Total",77760,8564,"Census Tract 105, King County, WA","14000US53033010500"
2017,"2017",0,"Total",90306,13827,"Census Tract 106, King County, WA","14000US53033010600"
2017,"2017",0,"Total",62826,6856,"Census Tract 107.01, King County, WA","14000US53033010701"
2017,"2017",0,"Total",41416,5231,"Census Tract 107.02, King County, WA","14000US53033010702"
2017,"2017",0,"Total",85885,13302,"Census Tract 108, King County, WA","14000US53033010800"
2017,"2017",0,"Total",58611,13703,"Census Tract 109, King County, WA","14000US53033010900"
2017,"2017",0,"Total",24725,9076,"Census Tract 110.01, King County, WA","14000US53033011001"
2017,"2017",0,"Total",51031,7587,"Census Tract 110.02, King County, WA","14000US53033011002"
2017,"2017",0,"Total",52311,3613,"Census Tract 111.01, King County, WA","14000US53033011101"
2017,"2017",0,"Total",73214,16231,"Census Tract 111.02, King County, WA","14000US53033011102"
2017,"2017",0,"Total",55000,11551,"Census Tract 113, King County, WA","14000US53033011300"
2017,"2017",0,"Total",62090,8286,"Census Tract 114.01, King County, WA","14000US53033011401"
2017,"2017",0,"Total",50377,4992,"Census Tract 114.02, King County, WA","14000US53033011402"
2017,"2017",0,"Total",90701,13828,"Census Tract 115, King County, WA","14000US53033011500"
2017,"2017",0,"Total",103835,11722,"Census Tract 116, King County, WA","14000US53033011600"
2017,"2017",0,"Total",79211,15259,"Census Tract 117, King County, WA","14000US53033011700"
2017,"2017",0,"Total",49264,10206,"Census Tract 118, King County, WA","14000US53033011800"
2017,"2017",0,"Total",86603,18807,"Census Tract 119, King County, WA","14000US53033011900"
2017,"2017",0,"Total",100855,10378,"Census Tract 120, King County, WA","14000US53033012000"
2017,"2017",0,"Total",115000,14078,"Census Tract 121, King County, WA","14000US53033012100"
2016,"2016",0,"Total",48002,8140,"Census Tract 1, King County, WA","14000US53033000100"
2016,"2016",0,"Total",63727,6832,"Census Tract 2, King County, WA","14000US53033000200"
2016,"2016",0,"Total",65781,17808,"Census Tract 3, King County, WA","14000US53033000300"
2016,"2016",0,"Total",32196,2396,"Census Tract 4.01, King County, WA","14000US53033000401"
2016,"2016",0,"Total",61184,13257,"Census Tract 4.02, King County, WA","14000US53033000402"
2016,"2016",0,"Total",126544,17356,"Census Tract 5, King County, WA","14000US53033000500"
2016,"2016",0,"Total",57023,10048,"Census Tract 6, King County, WA","14000US53033000600"
2016,"2016",0,"Total",51371,3137,"Census Tract 7, King County, WA","14000US53033000700"
2016,"2016",0,"Total",92917,17786,"Census Tract 8, King County, WA","14000US53033000800"
2016,"2016",0,"Total",135227,29464.999999999996,"Census Tract 9, King County, WA","14000US53033000900"
2016,"2016",0,"Total",75167,14963,"Census Tract 10, King County, WA","14000US53033001000"
2016,"2016",0,"Total",73984,13712,"Census Tract 11, King County, WA","14000US53033001100"
2016,"2016",0,"Total",42232,7246.999999999999,"Census Tract 12, King County, WA","14000US53033001200"
2016,"2016",0,"Total",63077,11006,"Census Tract 13, King County, WA","14000US53033001300"
2016,"2016",0,"Total",70689,8643,"Census Tract 14, King County, WA","14000US53033001400"
2016,"2016",0,"Total",100179,18396,"Census Tract 15, King County, WA","14000US53033001500"
2016,"2016",0,"Total",102558,11812,"Census Tract 16, King County, WA","14000US53033001600"
2016,"2016",0,"Total",66042,6344,"Census Tract 17.01, King County, WA","14000US53033001701"
2016,"2016",0,"Total",65984,8429,"Census Tract 17.02, King County, WA","14000US53033001702"
2016,"2016",0,"Total",81680,17465,"Census Tract 18, King County, WA","14000US53033001800"
2016,"2016",0,"Total",67450,11614,"Census Tract 19, King County, WA","14000US53033001900"
2016,"2016",0,"Total",90855,13326,"Census Tract 20, King County, WA","14000US53033002000"
2016,"2016",0,"Total",89900,10749,"Census Tract 21, King County, WA","14000US53033002100"
2016,"2016",0,"Total",134792,25832,"Census Tract 22, King County, WA","14000US53033002200"
2016,"2016",0,"Total",111964,14328.000000000002,"Census Tract 24, King County, WA","14000US53033002400"
2016,"2016",0,"Total",101397,8388,"Census Tract 25, King County, WA","14000US53033002500"
2016,"2016",0,"Total",99583,17935,"Census Tract 26, King County, WA","14000US53033002600"
2016,"2016",0,"Total",118790,17154,"Census Tract 27, King County, WA","14000US53033002700"
2016,"2016",0,"Total",100859,17340,"Census Tract 28, King County, WA","14000US53033002800"
2016,"2016",0,"Total",96685,10348,"Census Tract 29, King County, WA","14000US53033002900"
2016,"2016",0,"Total",93155,15525.000000000002,"Census Tract 30, King County, WA","14000US53033003000"
2016,"2016",0,"Total",100468,9103,"Census Tract 31, King County, WA","14000US53033003100"
2016,"2016",0,"Total",84846,13059,"Census Tract 32, King County, WA","14000US53033003200"
2016,"2016",0,"Total",92746,11122,"Census Tract 33, King County, WA","14000US53033003300"
2016,"2016",0,"Total",103333,16020,"Census Tract 34, King County, WA","14000US53033003400"
2016,"2016",0,"Total",83550,7063,"Census Tract 35, King County, WA","14000US53033003500"
2016,"2016",0,"Total",65960,9300,"Census Tract 36, King County, WA","14000US53033003600"
2016,"2016",0,"Total",91875,21590,"Census Tract 38, King County, WA","14000US53033003800"
2016,"2016",0,"Total",110556,23838,"Census Tract 39, King County, WA","14000US53033003900"
2016,"2016",0,"Total",74915,9375,"Census Tract 40, King County, WA","14000US53033004000"
2016,"2016",0,"Total",146902,14991.999999999998,"Census Tract 41, King County, WA","14000US53033004100"
2016,"2016",0,"Total",113432,9082,"Census Tract 42, King County, WA","14000US53033004200"
2016,"2016",0,"Total",73667,17990,"Census Tract 43.01, King County, WA","14000US53033004301"
2016,"2016",0,"Total",22880,7408,"Census Tract 43.02, King County, WA","14000US53033004302"
2016,"2016",0,"Total",53763,7899.999999999999,"Census Tract 44, King County, WA","14000US53033004400"
2016,"2016",0,"Total",91538,13865.000000000002,"Census Tract 45, King County, WA","14000US53033004500"
2016,"2016",0,"Total",120938,17473,"Census Tract 46, King County, WA","14000US53033004600"
2016,"2016",0,"Total",75881,5331,"Census Tract 47, King County, WA","14000US53033004700"
2016,"2016",0,"Total",106338,7087.000000000001,"Census Tract 48, King County, WA","14000US53033004800"
2016,"2016",0,"Total",72256,5372,"Census Tract 49, King County, WA","14000US53033004900"
2016,"2016",0,"Total",66594,8141.000000000001,"Census Tract 50, King County, WA","14000US53033005000"
2016,"2016",0,"Total",98851,12322,"Census Tract 51, King County, WA","14000US53033005100"
2016,"2016",0,"Total",40208,9794,"Census Tract 52, King County, WA","14000US53033005200"
2016,"2016",0,"Total",14155,4738,"Census Tract 53.01, King County, WA","14000US53033005301"
2016,"2016",0,"Total",10865,7410,"Census Tract 53.02, King County, WA","14000US53033005302"
2016,"2016",0,"Total",86250,16894,"Census Tract 54, King County, WA","14000US53033005400"
2016,"2016",0,"Total",159652,11943,"Census Tract 56, King County, WA","14000US53033005600"
2016,"2016",0,"Total",102760,14453.999999999998,"Census Tract 57, King County, WA","14000US53033005700"
2016,"2016",0,"Total",69865,8705,"Census Tract 58.01, King County, WA","14000US53033005801"
2016,"2016",0,"Total",66455,11649,"Census Tract 58.02, King County, WA","14000US53033005802"
2016,"2016",0,"Total",88706,11827,"Census Tract 59, King County, WA","14000US53033005900"
2016,"2016",0,"Total",102879,19725,"Census Tract 60, King County, WA","14000US53033006000"
2016,"2016",0,"Total",84087,13014,"Census Tract 61, King County, WA","14000US53033006100"
2016,"2016",0,"Total",144150,21458,"Census Tract 62, King County, WA","14000US53033006200"
2016,"2016",0,"Total",152037,13110,"Census Tract 63, King County, WA","14000US53033006300"
2016,"2016",0,"Total",155000,28376,"Census Tract 64, King County, WA","14000US53033006400"
2016,"2016",0,"Total",94225,11041,"Census Tract 65, King County, WA","14000US53033006500"
2016,"2016",0,"Total",85625,12494,"Census Tract 66, King County, WA","14000US53033006600"
2016,"2016",0,"Total",100625,14194.000000000002,"Census Tract 67, King County, WA","14000US53033006700"
2016,"2016",0,"Total",113750,14402,"Census Tract 68, King County, WA","14000US53033006800"
2016,"2016",0,"Total",108341,23713,"Census Tract 69, King County, WA","14000US53033006900"
2016,"2016",0,"Total",72218,9045,"Census Tract 70, King County, WA","14000US53033007000"
2016,"2016",0,"Total",77358,5901,"Census Tract 71, King County, WA","14000US53033007100"
2016,"2016",0,"Total",91300,5023,"Census Tract 72, King County, WA","14000US53033007200"
2016,"2016",0,"Total",84153,21619,"Census Tract 73, King County, WA","14000US53033007300"
2016,"2016",0,"Total",69130,7789,"Census Tract 74.01, King County, WA","14000US53033007401"
2016,"2016",0,"Total",48378,4875,"Census Tract 74.02, King County, WA","14000US53033007402"
2016,"2016",0,"Total",62980,5788,"Census Tract 75, King County, WA","14000US53033007500"
2016,"2016",0,"Total",69572,10657,"Census Tract 76, King County, WA","14000US53033007600"
2016,"2016",0,"Total",110872,9385,"Census Tract 77, King County, WA","14000US53033007700"
2016,"2016",0,"Total",155000,30651.999999999996,"Census Tract 78, King County, WA","14000US53033007800"
2016,"2016",0,"Total",70096,17871,"Census Tract 79, King County, WA","14000US53033007900"
2016,"2016",0,"Total",91005,9478,"Census Tract 80.01, King County, WA","14000US53033008001"
2016,"2016",0,"Total",42480,14443.999999999998,"Census Tract 80.02, King County, WA","14000US53033008002"
2016,"2016",0,"Total",76320,19214,"Census Tract 81, King County, WA","14000US53033008100"
2016,"2016",0,"Total",67500,17843,"Census Tract 82, King County, WA","14000US53033008200"
2016,"2016",0,"Total",52878,6765.999999999999,"Census Tract 83, King County, WA","14000US53033008300"
2016,"2016",0,"Total",49857,5660,"Census Tract 84, King County, WA","14000US53033008400"
2016,"2016",0,"Total",32885,7181.999999999999,"Census Tract 85, King County, WA","14000US53033008500"
2016,"2016",0,"Total",48750,15237,"Census Tract 86, King County, WA","14000US53033008600"
2016,"2016",0,"Total",59315,7156,"Census Tract 87, King County, WA","14000US53033008700"
2016,"2016",0,"Total",78929,10861,"Census Tract 88, King County, WA","14000US53033008800"
2016,"2016",0,"Total",81098,6170,"Census Tract 89, King County, WA","14000US53033008900"
2016,"2016",0,"Total",48063,8743,"Census Tract 90, King County, WA","14000US53033009000"
2016,"2016",0,"Total",29418,3032,"Census Tract 91, King County, WA","14000US53033009100"
2016,"2016",0,"Total",26500,7869.999999999999,"Census Tract 92, King County, WA","14000US53033009200"
2016,"2016",0,"Total",67617,11067,"Census Tract 93, King County, WA","14000US53033009300"
2016,"2016",0,"Total",49879,14652.000000000002,"Census Tract 94, King County, WA","14000US53033009400"
2016,"2016",0,"Total",91167,23967,"Census Tract 95, King County, WA","14000US53033009500"
2016,"2016",0,"Total",85216,12188,"Census Tract 96, King County, WA","14000US53033009600"
2016,"2016",0,"Total",94500,14986.999999999998,"Census Tract 97.01, King County, WA","14000US53033009701"
2016,"2016",0,"Total",107917,13620.999999999998,"Census Tract 97.02, King County, WA","14000US53033009702"
2016,"2016",0,"Total",84299,18629,"Census Tract 98, King County, WA","14000US53033009800"
2016,"2016",0,"Total",69423,8141.000000000001,"Census Tract 99, King County, WA","14000US53033009900"
2016,"2016",0,"Total",61699,7834,"Census Tract 100.01, King County, WA","14000US53033010001"
2016,"2016",0,"Total",68579,7303,"Census Tract 100.02, King County, WA","14000US53033010002"
2016,"2016",0,"Total",59193,6040,"Census Tract 101, King County, WA","14000US53033010100"
2016,"2016",0,"Total",92714,10465,"Census Tract 102, King County, WA","14000US53033010200"
2016,"2016",0,"Total",58321,9153,"Census Tract 103, King County, WA","14000US53033010300"
2016,"2016",0,"Total",58958,12504,"Census Tract 104.01, King County, WA","14000US53033010401"
2016,"2016",0,"Total",80931,12401,"Census Tract 104.02, King County, WA","14000US53033010402"
2016,"2016",0,"Total",71535,10075,"Census Tract 105, King County, WA","14000US53033010500"
2016,"2016",0,"Total",88320,11772,"Census Tract 106, King County, WA","14000US53033010600"
2016,"2016",0,"Total",59493,3554,"Census Tract 107.01, King County, WA","14000US53033010701"
2016,"2016",0,"Total",41951,7410,"Census Tract 107.02, King County, WA","14000US53033010702"
2016,"2016",0,"Total",80618,6760,"Census Tract 108, King County, WA","14000US53033010800"
2016,"2016",0,"Total",60128,19503,"Census Tract 109, King County, WA","14000US53033010900"
2016,"2016",0,"Total",23904,6580,"Census Tract 110.01, King County, WA","14000US53033011001"
2016,"2016",0,"Total",50259,10201,"Census Tract 110.02, King County, WA","14000US53033011002"
2016,"2016",0,"Total",51907,4408,"Census Tract 111.01, King County, WA","14000US53033011101"
2016,"2016",0,"Total",61593,13929.000000000002,"Census Tract 111.02, King County, WA","14000US53033011102"
2016,"2016",0,"Total",47600,10206,"Census Tract 113, King County, WA","14000US53033011300"
2016,"2016",0,"Total",58241,7343,"Census Tract 114.01, King County, WA","14000US53033011401"
2016,"2016",0,"Total",49014,3932,"Census Tract 114.02, King County, WA","14000US53033011402"
2016,"2016",0,"Total",83457,9962,"Census Tract 115, King County, WA","14000US53033011500"
2016,"2016",0,"Total",111426,10900,"Census Tract 116, King County, WA","14000US53033011600"
2016,"2016",0,"Total",65772,13093,"Census Tract 117, King County, WA","14000US53033011700"
2016,"2016",0,"Total",44599,8406,"Census Tract 118, King County, WA","14000US53033011800"
2016,"2016",0,"Total",70655,8762,"Census Tract 119, King County, WA","14000US53033011900"
2016,"2016",0,"Total",90688,10393,"Census Tract 120, King County, WA","14000US53033012000"
2016,"2016",0,"Total",113958,17493,"Census Tract 121, King County, WA","14000US53033012100"
2015,"2015",0,"Total",44951,7894.999999999999,"Census Tract 1, King County, WA","14000US53033000100"
2015,"2015",0,"Total",56208,9564,"Census Tract 2, King County, WA","14000US53033000200"
2015,"2015",0,"Total",64297,17385,"Census Tract 3, King County, WA","14000US53033000300"
2015,"2015",0,"Total",32472,2474,"Census Tract 4.01, King County, WA","14000US53033000401"
2015,"2015",0,"Total",62726,5942,"Census Tract 4.02, King County, WA","14000US53033000402"
2015,"2015",0,"Total",125400,18158,"Census Tract 5, King County, WA","14000US53033000500"
2015,"2015",0,"Total",60131,6300,"Census Tract 6, King County, WA","14000US53033000600"
2015,"2015",0,"Total",51741,7235,"Census Tract 7, King County, WA","14000US53033000700"
2015,"2015",0,"Total",87222,15006.000000000002,"Census Tract 8, King County, WA","14000US53033000800"
2015,"2015",0,"Total",125109,17335,"Census Tract 9, King County, WA","14000US53033000900"
2015,"2015",0,"Total",69643,13439,"Census Tract 10, King County, WA","14000US53033001000"
2015,"2015",0,"Total",64549,15701,"Census Tract 11, King County, WA","14000US53033001100"
2015,"2015",0,"Total",31863,7656,"Census Tract 12, King County, WA","14000US53033001200"
2015,"2015",0,"Total",56744,12208,"Census Tract 13, King County, WA","14000US53033001300"
2015,"2015",0,"Total",72428,14501,"Census Tract 14, King County, WA","14000US53033001400"
2015,"2015",0,"Total",95927,16926,"Census Tract 15, King County, WA","14000US53033001500"
2015,"2015",0,"Total",96193,12747,"Census Tract 16, King County, WA","14000US53033001600"
2015,"2015",0,"Total",65188,5786,"Census Tract 17.01, King County, WA","14000US53033001701"
2015,"2015",0,"Total",62786,8108,"Census Tract 17.02, King County, WA","14000US53033001702"
2015,"2015",0,"Total",87159,21997,"Census Tract 18, King County, WA","14000US53033001800"
2015,"2015",0,"Total",61391,7505,"Census Tract 19, King County, WA","14000US53033001900"
2015,"2015",0,"Total",80400,9199,"Census Tract 20, King County, WA","14000US53033002000"
2015,"2015",0,"Total",85759,6801,"Census Tract 21, King County, WA","14000US53033002100"
2015,"2015",0,"Total",132981,22552,"Census Tract 22, King County, WA","14000US53033002200"
2015,"2015",0,"Total",103917,14557,"Census Tract 24, King County, WA","14000US53033002400"
2015,"2015",0,"Total",101413,7032.000000000001,"Census Tract 25, King County, WA","14000US53033002500"
2015,"2015",0,"Total",91458,17972,"Census Tract 26, King County, WA","14000US53033002600"
2015,"2015",0,"Total",111661,11346,"Census Tract 27, King County, WA","14000US53033002700"
2015,"2015",0,"Total",90568,24812,"Census Tract 28, King County, WA","14000US53033002800"
2015,"2015",0,"Total",103750,9857,"Census Tract 29, King County, WA","14000US53033002900"
2015,"2015",0,"Total",90789,11747,"Census Tract 30, King County, WA","14000US53033003000"
2015,"2015",0,"Total",101397,8048,"Census Tract 31, King County, WA","14000US53033003100"
2015,"2015",0,"Total",79681,9164,"Census Tract 32, King County, WA","14000US53033003200"
2015,"2015",0,"Total",85595,12635,"Census Tract 33, King County, WA","14000US53033003300"
2015,"2015",0,"Total",97500,15548,"Census Tract 34, King County, WA","14000US53033003400"
2015,"2015",0,"Total",81563,5284,"Census Tract 35, King County, WA","14000US53033003500"
2015,"2015",0,"Total",65172,7113,"Census Tract 36, King County, WA","14000US53033003600"
2015,"2015",0,"Total",96310,14970,"Census Tract 38, King County, WA","14000US53033003800"
2015,"2015",0,"Total",110458,20746,"Census Tract 39, King County, WA","14000US53033003900"
2015,"2015",0,"Total",75714,15036.999999999998,"Census Tract 40, King County, WA","14000US53033004000"
2015,"2015",0,"Total",132917,22620,"Census Tract 41, King County, WA","14000US53033004100"
2015,"2015",0,"Total",110091,6578,"Census Tract 42, King County, WA","14000US53033004200"
2015,"2015",0,"Total",64797,11621,"Census Tract 43.01, King County, WA","14000US53033004301"
2015,"2015",0,"Total",18908,5464,"Census Tract 43.02, King County, WA","14000US53033004302"
2015,"2015",0,"Total",50500,11166,"Census Tract 44, King County, WA","14000US53033004400"
2015,"2015",0,"Total",88914,11002,"Census Tract 45, King County, WA","14000US53033004500"
2015,"2015",0,"Total",113906,15658,"Census Tract 46, King County, WA","14000US53033004600"
2015,"2015",0,"Total",72396,9071,"Census Tract 47, King County, WA","14000US53033004700"
2015,"2015",0,"Total",93155,14905,"Census Tract 48, King County, WA","14000US53033004800"
2015,"2015",0,"Total",71809,3845.0000000000005,"Census Tract 49, King County, WA","14000US53033004900"
2015,"2015",0,"Total",65625,7844.999999999999,"Census Tract 50, King County, WA","14000US53033005000"
2015,"2015",0,"Total",99083,13277,"Census Tract 51, King County, WA","14000US53033005100"
2015,"2015",0,"Total",38487,12881,"Census Tract 52, King County, WA","14000US53033005200"
2015,"2015",0,"Total",12269,2829,"Census Tract 53.01, King County, WA","14000US53033005301"
2015,"2015",0,"Total",84728,13098,"Census Tract 54, King County, WA","14000US53033005400"
2015,"2015",0,"Total",157292,12591,"Census Tract 56, King County, WA","14000US53033005600"
2015,"2015",0,"Total",90951,14640,"Census Tract 57, King County, WA","14000US53033005700"
2015,"2015",0,"Total",66563,8712,"Census Tract 58.01, King County, WA","14000US53033005801"
2015,"2015",0,"Total",62639,15146.999999999998,"Census Tract 58.02, King County, WA","14000US53033005802"
2015,"2015",0,"Total",87667,14213,"Census Tract 59, King County, WA","14000US53033005900"
2015,"2015",0,"Total",96538,25280,"Census Tract 60, King County, WA","14000US53033006000"
2015,"2015",0,"Total",76980,6797,"Census Tract 61, King County, WA","14000US53033006100"
2015,"2015",0,"Total",131429,7671,"Census Tract 62, King County, WA","14000US53033006200"
2015,"2015",0,"Total",132000,33212,"Census Tract 63, King County, WA","14000US53033006300"
2015,"2015",0,"Total",154868,18436,"Census Tract 64, King County, WA","14000US53033006400"
2015,"2015",0,"Total",98617,14099.999999999998,"Census Tract 65, King County, WA","14000US53033006500"
2015,"2015",0,"Total",82154,14370,"Census Tract 66, King County, WA","14000US53033006600"
2015,"2015",0,"Total",88719,11259,"Census Tract 67, King County, WA","14000US53033006700"
2015,"2015",0,"Total",98750,21794,"Census Tract 68, King County, WA","14000US53033006800"
2015,"2015",0,"Total",100172,18632,"Census Tract 69, King County, WA","14000US53033006900"
2015,"2015",0,"Total",67572,13612,"Census Tract 70, King County, WA","14000US53033007000"
2015,"2015",0,"Total",74143,6457,"Census Tract 71, King County, WA","14000US53033007100"
2015,"2015",0,"Total",74559,15210,"Census Tract 72, King County, WA","14000US53033007200"
2015,"2015",0,"Total",76582,24664,"Census Tract 73, King County, WA","14000US53033007300"
2015,"2015",0,"Total",67834,10408,"Census Tract 74.01, King County, WA","14000US53033007401"
2015,"2015",0,"Total",41842,12239,"Census Tract 74.02, King County, WA","14000US53033007402"
2015,"2015",0,"Total",63419,7647,"Census Tract 75, King County, WA","14000US53033007500"
2015,"2015",0,"Total",68199,9540,"Census Tract 76, King County, WA","14000US53033007600"
2015,"2015",0,"Total",104632,12986,"Census Tract 77, King County, WA","14000US53033007700"
2015,"2015",0,"Total",137358,28368.000000000004,"Census Tract 78, King County, WA","14000US53033007800"
2015,"2015",0,"Total",57786,13106,"Census Tract 79, King County, WA","14000US53033007900"
2015,"2015",0,"Total",88068,6675,"Census Tract 80.01, King County, WA","14000US53033008001"
2015,"2015",0,"Total",37466,10562,"Census Tract 80.02, King County, WA","14000US53033008002"
2015,"2015",0,"Total",75531,12772,"Census Tract 81, King County, WA","14000US53033008100"
2015,"2015",0,"Total",56318,13566.000000000002,"Census Tract 82, King County, WA","14000US53033008200"
2015,"2015",0,"Total",49291,2646,"Census Tract 83, King County, WA","14000US53033008300"
2015,"2015",0,"Total",42339,8299,"Census Tract 84, King County, WA","14000US53033008400"
2015,"2015",0,"Total",29883,6556,"Census Tract 85, King County, WA","14000US53033008500"
2015,"2015",0,"Total",43375,6826,"Census Tract 86, King County, WA","14000US53033008600"
2015,"2015",0,"Total",56700,5993,"Census Tract 87, King County, WA","14000US53033008700"
2015,"2015",0,"Total",76524,6666,"Census Tract 88, King County, WA","14000US53033008800"
2015,"2015",0,"Total",79953,8201,"Census Tract 89, King County, WA","14000US53033008900"
2015,"2015",0,"Total",44571,10945,"Census Tract 90, King County, WA","14000US53033009000"
2015,"2015",0,"Total",29464,2866,"Census Tract 91, King County, WA","14000US53033009100"
2015,"2015",0,"Total",25625,8349,"Census Tract 92, King County, WA","14000US53033009200"
2015,"2015",0,"Total",70458,11946,"Census Tract 93, King County, WA","14000US53033009300"
2015,"2015",0,"Total",47737,8734,"Census Tract 94, King County, WA","14000US53033009400"
2015,"2015",0,"Total",81676,21068,"Census Tract 95, King County, WA","14000US53033009500"
2015,"2015",0,"Total",77808,10044,"Census Tract 96, King County, WA","14000US53033009600"
2015,"2015",0,"Total",82333,20735,"Census Tract 97.01, King County, WA","14000US53033009701"
2015,"2015",0,"Total",106319,17170,"Census Tract 97.02, King County, WA","14000US53033009702"
2015,"2015",0,"Total",71705,12424,"Census Tract 98, King County, WA","14000US53033009800"
2015,"2015",0,"Total",67277,11419,"Census Tract 99, King County, WA","14000US53033009900"
2015,"2015",0,"Total",51316,17659,"Census Tract 100.01, King County, WA","14000US53033010001"
2015,"2015",0,"Total",66458,4716,"Census Tract 100.02, King County, WA","14000US53033010002"
2015,"2015",0,"Total",59275,4354,"Census Tract 101, King County, WA","14000US53033010100"
2015,"2015",0,"Total",84324,13360,"Census Tract 102, King County, WA","14000US53033010200"
2015,"2015",0,"Total",57750,9373,"Census Tract 103, King County, WA","14000US53033010300"
2015,"2015",0,"Total",60682,12409,"Census Tract 104.01, King County, WA","14000US53033010401"
2015,"2015",0,"Total",79432,12890,"Census Tract 104.02, King County, WA","14000US53033010402"
2015,"2015",0,"Total",66794,7323.999999999999,"Census Tract 105, King County, WA","14000US53033010500"
2015,"2015",0,"Total",90208,14893,"Census Tract 106, King County, WA","14000US53033010600"
2015,"2015",0,"Total",55504,6379,"Census Tract 107.01, King County, WA","14000US53033010701"
2015,"2015",0,"Total",48036,13269,"Census Tract 107.02, King County, WA","14000US53033010702"
2015,"2015",0,"Total",74107,10937,"Census Tract 108, King County, WA","14000US53033010800"
2015,"2015",0,"Total",42159,15005,"Census Tract 109, King County, WA","14000US53033010900"
2015,"2015",0,"Total",29286,14328.999999999998,"Census Tract 110.01, King County, WA","14000US53033011001"
2015,"2015",0,"Total",47604,7719,"Census Tract 110.02, King County, WA","14000US53033011002"
2015,"2015",0,"Total",52412,5871,"Census Tract 111.01, King County, WA","14000US53033011101"
2015,"2015",0,"Total",61901,12038,"Census Tract 111.02, King County, WA","14000US53033011102"
2015,"2015",0,"Total",47363,9876,"Census Tract 113, King County, WA","14000US53033011300"
2015,"2015",0,"Total",54622,4009,"Census Tract 114.01, King County, WA","14000US53033011401"
2015,"2015",0,"Total",47701,4274,"Census Tract 114.02, King County, WA","14000US53033011402"
2015,"2015",0,"Total",75123,9327,"Census Tract 115, King County, WA","14000US53033011500"
2015,"2015",0,"Total",102500,8516,"Census Tract 116, King County, WA","14000US53033011600"
2015,"2015",0,"Total",60917,11983,"Census Tract 117, King County, WA","14000US53033011700"
2015,"2015",0,"Total",38846,12012,"Census Tract 118, King County, WA","14000US53033011800"
2015,"2015",0,"Total",71524,6113,"Census Tract 119, King County, WA","14000US53033011900"
2015,"2015",0,"Total",83421,13523,"Census Tract 120, King County, WA","14000US53033012000"
2015,"2015",0,"Total",110060,29871,"Census Tract 121, King County, WA","14000US53033012100"
2014,"2014",0,"Total",41591,7534,"Census Tract 1, King County, WA","14000US53033000100"
2014,"2014",0,"Total",55522,3666.9999999999995,"Census Tract 2, King County, WA","14000US53033000200"
2014,"2014",0,"Total",65673,23049,"Census Tract 3, King County, WA","14000US53033000300"
2014,"2014",0,"Total",32145,2211,"Census Tract 4.01, King County, WA","14000US53033000401"
2014,"2014",0,"Total",57031,10683,"Census Tract 4.02, King County, WA","14000US53033000402"
2014,"2014",0,"Total",123587,19808,"Census Tract 5, King County, WA","14000US53033000500"
2014,"2014",0,"Total",56111,7418,"Census Tract 6, King County, WA","14000US53033000600"
2014,"2014",0,"Total",51642,5277,"Census Tract 7, King County, WA","14000US53033000700"
2014,"2014",0,"Total",81500,12040,"Census Tract 8, King County, WA","14000US53033000800"
2014,"2014",0,"Total",116063,13012,"Census Tract 9, King County, WA","14000US53033000900"
2014,"2014",0,"Total",68371,8588,"Census Tract 10, King County, WA","14000US53033001000"
2014,"2014",0,"Total",64583,26455,"Census Tract 11, King County, WA","14000US53033001100"
2014,"2014",0,"Total",31973,7941.999999999999,"Census Tract 12, King County, WA","14000US53033001200"
2014,"2014",0,"Total",53962,4126,"Census Tract 13, King County, WA","14000US53033001300"
2014,"2014",0,"Total",71500,8698,"Census Tract 14, King County, WA","14000US53033001400"
2014,"2014",0,"Total",103056,14203,"Census Tract 15, King County, WA","14000US53033001500"
2014,"2014",0,"Total",91719,14103,"Census Tract 16, King County, WA","14000US53033001600"
2014,"2014",0,"Total",74659,12570,"Census Tract 17.01, King County, WA","14000US53033001701"
2014,"2014",0,"Total",61928,7470.999999999999,"Census Tract 17.02, King County, WA","14000US53033001702"
2014,"2014",0,"Total",88889,23426,"Census Tract 18, King County, WA","14000US53033001800"
2014,"2014",0,"Total",61979,11935,"Census Tract 19, King County, WA","14000US53033001900"
2014,"2014",0,"Total",75278,10821,"Census Tract 20, King County, WA","14000US53033002000"
2014,"2014",0,"Total",84936,6902,"Census Tract 21, King County, WA","14000US53033002100"
2014,"2014",0,"Total",116005,23249,"Census Tract 22, King County, WA","14000US53033002200"
2014,"2014",0,"Total",97941,17588,"Census Tract 24, King County, WA","14000US53033002400"
2014,"2014",0,"Total",103542,7784,"Census Tract 25, King County, WA","14000US53033002500"
2014,"2014",0,"Total",95139,11582,"Census Tract 26, King County, WA","14000US53033002600"
2014,"2014",0,"Total",107039,13407,"Census Tract 27, King County, WA","14000US53033002700"
2014,"2014",0,"Total",78850,8772,"Census Tract 28, King County, WA","14000US53033002800"
2014,"2014",0,"Total",96932,10720,"Census Tract 29, King County, WA","14000US53033002900"
2014,"2014",0,"Total",95361,17081,"Census Tract 30, King County, WA","14000US53033003000"
2014,"2014",0,"Total",95521,15908.000000000002,"Census Tract 31, King County, WA","14000US53033003100"
2014,"2014",0,"Total",72360,9288,"Census Tract 32, King County, WA","14000US53033003200"
2014,"2014",0,"Total",77444,6197,"Census Tract 33, King County, WA","14000US53033003300"
2014,"2014",0,"Total",100677,13788,"Census Tract 34, King County, WA","14000US53033003400"
2014,"2014",0,"Total",80088,9133,"Census Tract 35, King County, WA","14000US53033003500"
2014,"2014",0,"Total",66075,6209,"Census Tract 36, King County, WA","14000US53033003600"
2014,"2014",0,"Total",85417,12716,"Census Tract 38, King County, WA","14000US53033003800"
2014,"2014",0,"Total",105313,13490,"Census Tract 39, King County, WA","14000US53033003900"
2014,"2014",0,"Total",76344,11288,"Census Tract 40, King County, WA","14000US53033004000"
2014,"2014",0,"Total",122196,15297,"Census Tract 41, King County, WA","14000US53033004100"
2014,"2014",0,"Total",109579,6017,"Census Tract 42, King County, WA","14000US53033004200"
2014,"2014",0,"Total",62705,9431,"Census Tract 43.01, King County, WA","14000US53033004301"
2014,"2014",0,"Total",17515,4190,"Census Tract 43.02, King County, WA","14000US53033004302"
2014,"2014",0,"Total",53177,7878,"Census Tract 44, King County, WA","14000US53033004400"
2014,"2014",0,"Total",88221,14388.999999999998,"Census Tract 45, King County, WA","14000US53033004500"
2014,"2014",0,"Total",99868,27859.999999999996,"Census Tract 46, King County, WA","14000US53033004600"
2014,"2014",0,"Total",65891,11837,"Census Tract 47, King County, WA","14000US53033004700"
2014,"2014",0,"Total",89054,3177,"Census Tract 48, King County, WA","14000US53033004800"
2014,"2014",0,"Total",69375,5566,"Census Tract 49, King County, WA","14000US53033004900"
2014,"2014",0,"Total",63621,5042,"Census Tract 50, King County, WA","14000US53033005000"
2014,"2014",0,"Total",96500,11075,"Census Tract 51, King County, WA","14000US53033005100"
2014,"2014",0,"Total",40464,5502,"Census Tract 52, King County, WA","14000US53033005200"
2014,"2014",0,"Total",10953,2369,"Census Tract 53.01, King County, WA","14000US53033005301"
2014,"2014",0,"Total",5938,7622,"Census Tract 53.02, King County, WA","14000US53033005302"
2014,"2014",0,"Total",76841,10367,"Census Tract 54, King County, WA","14000US53033005400"
2014,"2014",0,"Total",155639,11345,"Census Tract 56, King County, WA","14000US53033005600"
2014,"2014",0,"Total",88080,15267,"Census Tract 57, King County, WA","14000US53033005700"
2014,"2014",0,"Total",64144,6342,"Census Tract 58.01, King County, WA","14000US53033005801"
2014,"2014",0,"Total",64451,17950,"Census Tract 58.02, King County, WA","14000US53033005802"
2014,"2014",0,"Total",85372,10100,"Census Tract 59, King County, WA","14000US53033005900"
2014,"2014",0,"Total",92344,18562,"Census Tract 60, King County, WA","14000US53033006000"
2014,"2014",0,"Total",74416,5174,"Census Tract 61, King County, WA","14000US53033006100"
2014,"2014",0,"Total",119135,16016,"Census Tract 62, King County, WA","14000US53033006200"
2014,"2014",0,"Total",118458,22477,"Census Tract 63, King County, WA","14000US53033006300"
2014,"2014",0,"Total",151055,13880.999999999998,"Census Tract 64, King County, WA","14000US53033006400"
2014,"2014",0,"Total",93500,14131,"Census Tract 65, King County, WA","14000US53033006500"
2014,"2014",0,"Total",73300,16863,"Census Tract 66, King County, WA","14000US53033006600"
2014,"2014",0,"Total",82755,7421.000000000001,"Census Tract 67, King County, WA","14000US53033006700"
2014,"2014",0,"Total",96198,23253,"Census Tract 68, King County, WA","14000US53033006800"
2014,"2014",0,"Total",101058,20368,"Census Tract 69, King County, WA","14000US53033006900"
2014,"2014",0,"Total",61649,14541,"Census Tract 70, King County, WA","14000US53033007000"
2014,"2014",0,"Total",73634,6306,"Census Tract 71, King County, WA","14000US53033007100"
2014,"2014",0,"Total",66636,15159,"Census Tract 72, King County, WA","14000US53033007200"
2014,"2014",0,"Total",71061,21007,"Census Tract 73, King County, WA","14000US53033007300"
2014,"2014",0,"Total",65601,10311,"Census Tract 74.01, King County, WA","14000US53033007401"
2014,"2014",0,"Total",37152,10237,"Census Tract 74.02, King County, WA","14000US53033007402"
2014,"2014",0,"Total",48500,9149,"Census Tract 75, King County, WA","14000US53033007500"
2014,"2014",0,"Total",61619,5164,"Census Tract 76, King County, WA","14000US53033007600"
2014,"2014",0,"Total",91507,15751,"Census Tract 77, King County, WA","14000US53033007700"
2014,"2014",0,"Total",145444,20856,"Census Tract 78, King County, WA","14000US53033007800"
2014,"2014",0,"Total",54216,12971,"Census Tract 79, King County, WA","14000US53033007900"
2014,"2014",0,"Total",86698,8911,"Census Tract 80.01, King County, WA","14000US53033008001"
2014,"2014",0,"Total",35395,9128,"Census Tract 80.02, King County, WA","14000US53033008002"
2014,"2014",0,"Total",70256,16180,"Census Tract 81, King County, WA","14000US53033008100"
2014,"2014",0,"Total",55383,11207,"Census Tract 82, King County, WA","14000US53033008200"
2014,"2014",0,"Total",48000,3199,"Census Tract 83, King County, WA","14000US53033008300"
2014,"2014",0,"Total",44524,7225,"Census Tract 84, King County, WA","14000US53033008400"
2014,"2014",0,"Total",22220,4998,"Census Tract 85, King County, WA","14000US53033008500"
2014,"2014",0,"Total",40924,7221.999999999999,"Census Tract 86, King County, WA","14000US53033008600"
2014,"2014",0,"Total",56875,7449,"Census Tract 87, King County, WA","14000US53033008700"
2014,"2014",0,"Total",77474,7206,"Census Tract 88, King County, WA","14000US53033008800"
2014,"2014",0,"Total",70954,9494,"Census Tract 89, King County, WA","14000US53033008900"
2014,"2014",0,"Total",44015,11003,"Census Tract 90, King County, WA","14000US53033009000"
2014,"2014",0,"Total",27591,5223,"Census Tract 91, King County, WA","14000US53033009100"
2014,"2014",0,"Total",23208,6842,"Census Tract 92, King County, WA","14000US53033009200"
2014,"2014",0,"Total",54911,9176,"Census Tract 93, King County, WA","14000US53033009300"
2014,"2014",0,"Total",47809,7408.999999999999,"Census Tract 94, King County, WA","14000US53033009400"
2014,"2014",0,"Total",87941,20714,"Census Tract 95, King County, WA","14000US53033009500"
2014,"2014",0,"Total",72364,7976.999999999999,"Census Tract 96, King County, WA","14000US53033009600"
2014,"2014",0,"Total",75078,12185,"Census Tract 97.01, King County, WA","14000US53033009701"
2014,"2014",0,"Total",101829,10645,"Census Tract 97.02, King County, WA","14000US53033009702"
2014,"2014",0,"Total",73058,11463,"Census Tract 98, King County, WA","14000US53033009800"
2014,"2014",0,"Total",70822,8118,"Census Tract 99, King County, WA","14000US53033009900"
2014,"2014",0,"Total",55903,17866,"Census Tract 100.01, King County, WA","14000US53033010001"
2014,"2014",0,"Total",67169,9528,"Census Tract 100.02, King County, WA","14000US53033010002"
2014,"2014",0,"Total",60091,5503,"Census Tract 101, King County, WA","14000US53033010100"
2014,"2014",0,"Total",87734,9724,"Census Tract 102, King County, WA","14000US53033010200"
2014,"2014",0,"Total",49861,15831,"Census Tract 103, King County, WA","14000US53033010300"
2014,"2014",0,"Total",63026,9359,"Census Tract 104.01, King County, WA","14000US53033010401"
2014,"2014",0,"Total",79655,11978,"Census Tract 104.02, King County, WA","14000US53033010402"
2014,"2014",0,"Total",59031,6946,"Census Tract 105, King County, WA","14000US53033010500"
2014,"2014",0,"Total",85179,15759.999999999998,"Census Tract 106, King County, WA","14000US53033010600"
2014,"2014",0,"Total",52699,23803,"Census Tract 107.01, King County, WA","14000US53033010701"
2014,"2014",0,"Total",42206,13379,"Census Tract 107.02, King County, WA","14000US53033010702"
2014,"2014",0,"Total",68974,7747.999999999999,"Census Tract 108, King County, WA","14000US53033010800"
2014,"2014",0,"Total",39886,16917,"Census Tract 109, King County, WA","14000US53033010900"
2014,"2014",0,"Total",29470,11499,"Census Tract 110.01, King County, WA","14000US53033011001"
2014,"2014",0,"Total",42715,12694,"Census Tract 110.02, King County, WA","14000US53033011002"
2014,"2014",0,"Total",52879,8008,"Census Tract 111.01, King County, WA","14000US53033011101"
2014,"2014",0,"Total",61905,16911,"Census Tract 111.02, King County, WA","14000US53033011102"
2014,"2014",0,"Total",48639,9401,"Census Tract 113, King County, WA","14000US53033011300"
2014,"2014",0,"Total",55956,11591,"Census Tract 114.01, King County, WA","14000US53033011401"
2014,"2014",0,"Total",46267,6896,"Census Tract 114.02, King County, WA","14000US53033011402"
2014,"2014",0,"Total",69429,6694,"Census Tract 115, King County, WA","14000US53033011500"
2014,"2014",0,"Total",100588,7422,"Census Tract 116, King County, WA","14000US53033011600"
2014,"2014",0,"Total",60768,10666,"Census Tract 117, King County, WA","14000US53033011700"
2014,"2014",0,"Total",38989,10914,"Census Tract 118, King County, WA","14000US53033011800"
2014,"2014",0,"Total",69398,9195,"Census Tract 119, King County, WA","14000US53033011900"
2014,"2014",0,"Total",85893,14398.999999999998,"Census Tract 120, King County, WA","14000US53033012000"
2014,"2014",0,"Total",106696,27489.000000000004,"Census Tract 121, King County, WA","14000US53033012100"
2013,"2013",0,"Total",40313,9941,"Census Tract 1, King County, WA","14000US53033000100"
2013,"2013",0,"Total",53014,4600,"Census Tract 2, King County, WA","14000US53033000200"
2013,"2013",0,"Total",64455,14652.000000000002,"Census Tract 3, King County, WA","14000US53033000300"
2013,"2013",0,"Total",31059,1711,"Census Tract 4.01, King County, WA","14000US53033000401"
2013,"2013",0,"Total",49016,5653,"Census Tract 4.02, King County, WA","14000US53033000402"
2013,"2013",0,"Total",126719,29832.000000000004,"Census Tract 5, King County, WA","14000US53033000500"
2013,"2013",0,"Total",59790,6214,"Census Tract 6, King County, WA","14000US53033000600"
2013,"2013",0,"Total",50893,5041,"Census Tract 7, King County, WA","14000US53033000700"
2013,"2013",0,"Total",78631,12483,"Census Tract 8, King County, WA","14000US53033000800"
2013,"2013",0,"Total",105347,28697.000000000004,"Census Tract 9, King County, WA","14000US53033000900"
2013,"2013",0,"Total",67837,8612,"Census Tract 10, King County, WA","14000US53033001000"
2013,"2013",0,"Total",81071,17492,"Census Tract 11, King County, WA","14000US53033001100"
2013,"2013",0,"Total",37727,4861,"Census Tract 12, King County, WA","14000US53033001200"
2013,"2013",0,"Total",53030,5318,"Census Tract 13, King County, WA","14000US53033001300"
2013,"2013",0,"Total",71642,3623,"Census Tract 14, King County, WA","14000US53033001400"
2013,"2013",0,"Total",97284,13108,"Census Tract 15, King County, WA","14000US53033001500"
2013,"2013",0,"Total",80038,10008,"Census Tract 16, King County, WA","14000US53033001600"
2013,"2013",0,"Total",75220,7757.999999999999,"Census Tract 17.01, King County, WA","14000US53033001701"
2013,"2013",0,"Total",63554,6622,"Census Tract 17.02, King County, WA","14000US53033001702"
2013,"2013",0,"Total",91399,6825.000000000001,"Census Tract 18, King County, WA","14000US53033001800"
2013,"2013",0,"Total",60927,12320,"Census Tract 19, King County, WA","14000US53033001900"
2013,"2013",0,"Total",70647,12289,"Census Tract 20, King County, WA","14000US53033002000"
2013,"2013",0,"Total",82422,6694,"Census Tract 21, King County, WA","14000US53033002100"
2013,"2013",0,"Total",100313,25678,"Census Tract 22, King County, WA","14000US53033002200"
2013,"2013",0,"Total",95288,16058.999999999998,"Census Tract 24, King County, WA","14000US53033002400"
2013,"2013",0,"Total",100577,8085,"Census Tract 25, King County, WA","14000US53033002500"
2013,"2013",0,"Total",93125,13323,"Census Tract 26, King County, WA","14000US53033002600"
2013,"2013",0,"Total",103915,9260,"Census Tract 27, King County, WA","14000US53033002700"
2013,"2013",0,"Total",76073,6770,"Census Tract 28, King County, WA","14000US53033002800"
2013,"2013",0,"Total",90909,14116,"Census Tract 29, King County, WA","14000US53033002900"
2013,"2013",0,"Total",90372,8065,"Census Tract 30, King County, WA","14000US53033003000"
2013,"2013",0,"Total",97286,11671,"Census Tract 31, King County, WA","14000US53033003100"
2013,"2013",0,"Total",64303,6809,"Census Tract 32, King County, WA","14000US53033003200"
2013,"2013",0,"Total",73313,5275,"Census Tract 33, King County, WA","14000US53033003300"
2013,"2013",0,"Total",100956,12255,"Census Tract 34, King County, WA","14000US53033003400"
2013,"2013",0,"Total",81265,6862.999999999999,"Census Tract 35, King County, WA","14000US53033003500"
2013,"2013",0,"Total",64522,4637,"Census Tract 36, King County, WA","14000US53033003600"
2013,"2013",0,"Total",82695,8310,"Census Tract 38, King County, WA","14000US53033003800"
2013,"2013",0,"Total",96520,12712,"Census Tract 39, King County, WA","14000US53033003900"
2013,"2013",0,"Total",75441,15173,"Census Tract 40, King County, WA","14000US53033004000"
2013,"2013",0,"Total",118417,20174,"Census Tract 41, King County, WA","14000US53033004100"
2013,"2013",0,"Total",109663,9485,"Census Tract 42, King County, WA","14000US53033004200"
2013,"2013",0,"Total",56875,10612,"Census Tract 43.01, King County, WA","14000US53033004301"
2013,"2013",0,"Total",18414,5097,"Census Tract 43.02, King County, WA","14000US53033004302"
2013,"2013",0,"Total",54937,6073,"Census Tract 44, King County, WA","14000US53033004400"
2013,"2013",0,"Total",89333,17846,"Census Tract 45, King County, WA","14000US53033004500"
2013,"2013",0,"Total",102353,24166,"Census Tract 46, King County, WA","14000US53033004600"
2013,"2013",0,"Total",60625,10648,"Census Tract 47, King County, WA","14000US53033004700"
2013,"2013",0,"Total",86814,4843,"Census Tract 48, King County, WA","14000US53033004800"
2013,"2013",0,"Total",65000,3503,"Census Tract 49, King County, WA","14000US53033004900"
2013,"2013",0,"Total",62147,11921,"Census Tract 50, King County, WA","14000US53033005000"
2013,"2013",0,"Total",100152,12984,"Census Tract 51, King County, WA","14000US53033005100"
2013,"2013",0,"Total",40352,3884,"Census Tract 52, King County, WA","14000US53033005200"
2013,"2013",0,"Total",11157,1812.9999999999998,"Census Tract 53.01, King County, WA","14000US53033005301"
2013,"2013",0,"Total",4643,3997.0000000000005,"Census Tract 53.02, King County, WA","14000US53033005302"
2013,"2013",0,"Total",68430,6551,"Census Tract 54, King County, WA","14000US53033005400"
2013,"2013",0,"Total",147765,11201,"Census Tract 56, King County, WA","14000US53033005600"
2013,"2013",0,"Total",79149,9399,"Census Tract 57, King County, WA","14000US53033005700"
2013,"2013",0,"Total",65030,4219,"Census Tract 58.01, King County, WA","14000US53033005801"
2013,"2013",0,"Total",64844,7697,"Census Tract 58.02, King County, WA","14000US53033005802"
2013,"2013",0,"Total",81521,6528,"Census Tract 59, King County, WA","14000US53033005900"
2013,"2013",0,"Total",85524,11684,"Census Tract 60, King County, WA","14000US53033006000"
2013,"2013",0,"Total",72573,7904.999999999999,"Census Tract 61, King County, WA","14000US53033006100"
2013,"2013",0,"Total",115038,13309,"Census Tract 62, King County, WA","14000US53033006200"
2013,"2013",0,"Total",106908,19524,"Census Tract 63, King County, WA","14000US53033006300"
2013,"2013",0,"Total",143125,22765,"Census Tract 64, King County, WA","14000US53033006400"
2013,"2013",0,"Total",83839,11583,"Census Tract 65, King County, WA","14000US53033006500"
2013,"2013",0,"Total",73622,9783,"Census Tract 66, King County, WA","14000US53033006600"
2013,"2013",0,"Total",78884,6157,"Census Tract 67, King County, WA","14000US53033006700"
2013,"2013",0,"Total",93438,20092,"Census Tract 68, King County, WA","14000US53033006800"
2013,"2013",0,"Total",87054,23838,"Census Tract 69, King County, WA","14000US53033006900"
2013,"2013",0,"Total",54615,7398.999999999999,"Census Tract 70, King County, WA","14000US53033007000"
2013,"2013",0,"Total",67787,6778.000000000001,"Census Tract 71, King County, WA","14000US53033007100"
2013,"2013",0,"Total",51250,14458.000000000002,"Census Tract 72, King County, WA","14000US53033007200"
2013,"2013",0,"Total",63652,9494,"Census Tract 73, King County, WA","14000US53033007300"
2013,"2013",0,"Total",62639,7804.999999999999,"Census Tract 74.01, King County, WA","14000US53033007401"
2013,"2013",0,"Total",35812,5289,"Census Tract 74.02, King County, WA","14000US53033007402"
2013,"2013",0,"Total",52781,5576,"Census Tract 75, King County, WA","14000US53033007500"
2013,"2013",0,"Total",61329,5939,"Census Tract 76, King County, WA","14000US53033007600"
2013,"2013",0,"Total",87888,10606,"Census Tract 77, King County, WA","14000US53033007700"
2013,"2013",0,"Total",150167,29637,"Census Tract 78, King County, WA","14000US53033007800"
2013,"2013",0,"Total",49398,6114,"Census Tract 79, King County, WA","14000US53033007900"
2013,"2013",0,"Total",76560,9947,"Census Tract 80.01, King County, WA","14000US53033008001"
2013,"2013",0,"Total",36768,12102,"Census Tract 80.02, King County, WA","14000US53033008002"
2013,"2013",0,"Total",53026,29539,"Census Tract 81, King County, WA","14000US53033008100"
2013,"2013",0,"Total",47806,16317.000000000002,"Census Tract 82, King County, WA","14000US53033008200"
2013,"2013",0,"Total",47356,3413,"Census Tract 83, King County, WA","14000US53033008300"
2013,"2013",0,"Total",41497,7328.999999999999,"Census Tract 84, King County, WA","14000US53033008400"
2013,"2013",0,"Total",20718,5144,"Census Tract 85, King County, WA","14000US53033008500"
2013,"2013",0,"Total",40096,8525,"Census Tract 86, King County, WA","14000US53033008600"
2013,"2013",0,"Total",58632,7174.000000000001,"Census Tract 87, King County, WA","14000US53033008700"
2013,"2013",0,"Total",72652,15792,"Census Tract 88, King County, WA","14000US53033008800"
2013,"2013",0,"Total",73646,11741,"Census Tract 89, King County, WA","14000US53033008900"
2013,"2013",0,"Total",45239,7103,"Census Tract 90, King County, WA","14000US53033009000"
2013,"2013",0,"Total",21750,6016,"Census Tract 91, King County, WA","14000US53033009100"
2013,"2013",0,"Total",19875,7390,"Census Tract 92, King County, WA","14000US53033009200"
2013,"2013",0,"Total",60065,5887,"Census Tract 93, King County, WA","14000US53033009300"
2013,"2013",0,"Total",49654,7195,"Census Tract 94, King County, WA","14000US53033009400"
2013,"2013",0,"Total",94840,16178.999999999998,"Census Tract 95, King County, WA","14000US53033009500"
2013,"2013",0,"Total",75289,7828,"Census Tract 96, King County, WA","14000US53033009600"
2013,"2013",0,"Total",85262,17273,"Census Tract 97.01, King County, WA","14000US53033009701"
2013,"2013",0,"Total",89440,10932,"Census Tract 97.02, King County, WA","14000US53033009702"
2013,"2013",0,"Total",70640,11820,"Census Tract 98, King County, WA","14000US53033009800"
2013,"2013",0,"Total",66250,10436,"Census Tract 99, King County, WA","14000US53033009900"
2013,"2013",0,"Total",48924,9719,"Census Tract 100.01, King County, WA","14000US53033010001"
2013,"2013",0,"Total",59417,18006,"Census Tract 100.02, King County, WA","14000US53033010002"
2013,"2013",0,"Total",57750,7156.999999999999,"Census Tract 101, King County, WA","14000US53033010100"
2013,"2013",0,"Total",85240,9039,"Census Tract 102, King County, WA","14000US53033010200"
2013,"2013",0,"Total",48667,18009,"Census Tract 103, King County, WA","14000US53033010300"
2013,"2013",0,"Total",58571,13328,"Census Tract 104.01, King County, WA","14000US53033010401"
2013,"2013",0,"Total",87750,22550,"Census Tract 104.02, King County, WA","14000US53033010402"
2013,"2013",0,"Total",59223,5592,"Census Tract 105, King County, WA","14000US53033010500"
2013,"2013",0,"Total",82000,10678,"Census Tract 106, King County, WA","14000US53033010600"
2013,"2013",0,"Total",50286,20046,"Census Tract 107.01, King County, WA","14000US53033010701"
2013,"2013",0,"Total",40625,13294,"Census Tract 107.02, King County, WA","14000US53033010702"
2013,"2013",0,"Total",69468,6973,"Census Tract 108, King County, WA","14000US53033010800"
2013,"2013",0,"Total",47734,13593,"Census Tract 109, King County, WA","14000US53033010900"
2013,"2013",0,"Total",27292,11505,"Census Tract 110.01, King County, WA","14000US53033011001"
2013,"2013",0,"Total",44734,4172,"Census Tract 110.02, King County, WA","14000US53033011002"
2013,"2013",0,"Total",51823,11131,"Census Tract 111.01, King County, WA","14000US53033011101"
2013,"2013",0,"Total",74474,17262,"Census Tract 111.02, King County, WA","14000US53033011102"
2013,"2013",0,"Total",53182,10297,"Census Tract 113, King County, WA","14000US53033011300"
2013,"2013",0,"Total",63810,9591,"Census Tract 114.01, King County, WA","14000US53033011401"
2013,"2013",0,"Total",51036,9959,"Census Tract 114.02, King County, WA","14000US53033011402"
2013,"2013",0,"Total",71029,8505,"Census Tract 115, King County, WA","14000US53033011500"
2013,"2013",0,"Total",104375,9753,"Census Tract 116, King County, WA","14000US53033011600"
2013,"2013",0,"Total",51338,9176,"Census Tract 117, King County, WA","14000US53033011700"
2013,"2013",0,"Total",34745,19791,"Census Tract 118, King County, WA","14000US53033011800"
2013,"2013",0,"Total",68846,9539,"Census Tract 119, King County, WA","14000US53033011900"
2013,"2013",0,"Total",77857,15941,"Census Tract 120, King County, WA","14000US53033012000"
2013,"2013",0,"Total",103385,20771,"Census Tract 121, King County, WA","14000US53033012100"